question,answer_detail,answer
"A 50-year-old man comes to the physician because of a 6-month history of difficulties having sexual intercourse due to erectile dysfunction. He has type 2 diabetes mellitus that is well controlled with metformin. He does not smoke. He drinks 5–6 beers daily. His vital signs are within normal limits. Physical examination shows bilateral pedal edema, decreased testicular volume, and increased breast tissue. The spleen is palpable 2 cm below the left costal margin. Abdominal ultrasound shows an atrophic, hyperechoic, nodular liver. An upper endoscopy is performed and shows dilated submucosal veins 2 mm in diameter with red spots on their surface in the distal esophagus. Therapy with a sildenafil is initiated for his erectile dysfunction. Which of the following is the most appropriate next step in management of this patient's esophageal findings?",Nadolol therapy,B
"A 36-year-old woman comes to the physician because of a 12-month history of upper abdominal pain. The pain is worse after eating, which she reports as 7 out of 10 in intensity. Over the last year, she has also had nausea, heartburn, and multiple episodes of diarrhea with no blood or mucus. Eight months ago, she underwent an upper endoscopy, which showed several ulcers in the gastric antrum, the pylorus, and the duodenum, as well as thick gastric folds. The biopsies from these ulcers were negative for H. pylori. Current medications include pantoprazole and over-the-counter antacids. She appears anxious. Vital signs are within normal limits. Cardiopulmonary examination shows no abnormalities. The abdomen is soft and there is tenderness to palpation in the epigastric and umbilical areas. Test of the stool for occult blood is positive. A repeat upper endoscopy shows persistent gastric and duodenal ulceration with minimal bleeding. Which of the following is the most appropriate next step in diagnosis?",Fasting serum gastrin level,D
"A 50-year-old man is brought to the emergency department with progressive retrosternal chest pain and shortness of breath that started the day before. The pain is severe, worsens with inspiration, and radiates to his neck. He has also had a sore throat and neck pain the last 4 days. He remained bed-bound during this time and had poor appetite. One week ago, he underwent an upper endoscopy for peptic ulcer disease. He has type 2 diabetes mellitus, peptic ulcer disease, hyperlipidemia, and hypertension. His only medication is omeprazole. He does not smoke or drink alcohol. He appears in significant distress. His temperature is 39.1°C (102.3°F), pulse is 108/min, respirations are 28/min, and blood pressure is 88/46 mm Hg. The lungs are clear to auscultation. Cardiac examinations shows tachycardia but is otherwise unremarkable. The abdomen is soft and nontender. Oropharyngeal examination is limited because the patient is unable to open his mouth due to pain. His hematocrit is 42%, leukocyte count is 13,800/mm3, and platelet count is 205,000/mm3. The patient is intubated in the emergency department and appropriate treatment is started. Chest x-ray shows a widened mediastinum. Which of the following is most likely to have prevented this patient's condition?",Intravenous ampicillin-sulbactam administration,C
"A 61-year-old man comes to the physician because of a 2-month history of severe chest discomfort. The chest discomfort usually occurs after heavy meals or eating in the late evening and lasts several hours. He has nausea sometimes but no vomiting. He has also had an occasional nighttime cough during this period. He has hypertension and type 2 diabetes mellitus. He has smoked one pack of cigarettes daily for the past 41 years and drinks one beer daily. Current medications include metformin, naproxen, enalapril,and sitagliptin. He is 177 cm (5 ft 10 in) tall and weighs 135 kg (297 lb); BMI is 43 kg/m2. Vital signs are within normal limits. Cardiopulmonary examination shows no abnormalities. The abdomen is soft and nontender. Laboratory studies are within the reference ranges. An ECG shows no abnormalities. An upper endoscopy shows that the Z-line is located 4 cm above the diaphragmatic hiatus and reveals the presence of a 1.5-cm esophageal ulcer with an erythematous base and without bleeding. The physician recommends weight loss as well as smoking and alcohol cessation. Treatment with omeprazole is begun. One month later, his symptoms are unchanged. Which of the following is the most appropriate next step in management?",Laparoscopic Nissen fundoplication with hiatoplasty,C
"A 70-year-old man comes to the physician because of fatigue and intermittent epigastric pain. The symptoms began about one year ago. He describes the pain as diffuse and 3 out of 10 in intensity. Recently, he has had unusually large black stools. He appears pale. His pulse is 72/min and his blood pressure is 110/70 mm Hg. Physical examination shows epigastric tenderness. A urea breath test is positive. Upper gastrointestinal endoscopy reveals an ulcerating mass in the gastric antrum. Biopsies of the mass show diffuse infiltrates of small lymphoid cells that are positive for CD20 antigen. A CT scan of the chest and abdomen shows normal regional lymph nodes. Which of the following is the most appropriate therapy with curative intent at this time?","Amoxicillin, clarithromycin, and omeprazole",F
"A 58-year-old man comes to the physician for the evaluation of intermittent dysphagia for 6 months. He states that he drinks a lot of water during meals to help reduce discomfort he has while swallowing food. He has hypertension and gastroesophageal reflux disease. He has smoked one half-pack of cigarettes daily for 32 years. He does not drink alcohol. Current medications include hydrochlorothiazide and ranitidine. He is 173 cm (5 ft 8 in) tall and weighs 101 kg (222 lb); BMI is 33.7 kg/m2. His temperature is 37°C (98.6°F), pulse is 75/min, and blood pressure is 125/75 mm Hg. The lungs are clear to auscultation. Cardiac examination shows no murmurs, rubs, or gallops. The abdomen is soft and nontender. A barium esophagogram shows complete obstruction at the lower end of the esophagus with an irregular filling defect. An upper endoscopy shows a sliding hiatal hernia and a constricting ring at the gastroesophageal junction. Biopsies from the lesion show squamocolumnar epithelium with no metaplasia. Which of the following is the most appropriate next step in the management of this patient?","Mechanical dilation
""",G
"A 60-year-old woman comes to the physician because of a 2-week history of severe, retrosternal chest pain. She also has pain when swallowing solid food and medications. She has hypertension, type 2 diabetes mellitus, poorly-controlled asthma, and osteoporosis. She was recently admitted to the hospital for an acute asthma exacerbation that was treated with bronchodilators and a 7-day course of oral corticosteroids. Her current medications include aspirin, amlodipine, metformin, insulin, beclomethasone and albuterol inhalers, and alendronate. Vital signs are within normal limits. Examination of the oral pharynx appears normal. The lungs are clear to auscultation. An upper endoscopy shows a single punched-out ulcer with normal surrounding mucosa at the gastroesophageal junction. Biopsies of the ulcer are taken. Which of the following is the most appropriate next step in management?",Discontinue alendronate,B
"A 54-year-old man with alcoholism comes to the emergency department because of vomiting blood for 6 hours. He has had 3–4 episodes in which he has vomited dark red blood during this period. He has had no epigastric pain or tarry stools. On arrival, his temperature is 37.3°C (99.1°F), pulse is 134/min, and blood pressure is 80/50 mm Hg. He is resuscitated with 0.9% saline and undergoes an emergency upper endoscopy, which shows actively bleeding varices. Band ligation of the varices is done and hemostasis is achieved. He is diagnosed with Child class B cirrhosis. He is concerned about the possibility of recurrence of such an episode. He is asked to abstain from alcohol, to which he readily agrees. In addition to non-selective beta-blocker therapy, which of the following is the most appropriate recommendation to prevent future morbidity and mortality from this condition?",Variceal ligation,F
"A 58-year-old man comes to the physician for recurrent heartburn for 12 years. He has also developed a cough for a year, which is worse at night. He has smoked a pack of cigarettes daily for 30 years. His only medication is an over-the-counter antacid. He has not seen a physician for 8 years. He is 175 cm (5 ft 9 in) tall and weighs 95 kg (209 lb); BMI is 31 kg/m2. Vital signs are within normal limits. There is no lymphadenopathy. The abdomen is soft and nontender. The remainder of the examination shows no abnormalities. A complete blood count is within the reference range. An upper endoscopy shows columnar epithelium 2 cm from the gastroesophageal junction. Biopsies from the columnar epithelium show low-grade dysplasia and intestinal metaplasia. Which of the following is the most appropriate next step in management?",Endoscopic therapy,B
"A 49-year-old woman comes to the physician because of difficulty walking and dizziness for the past 2 weeks. She has also had fatigue, heartburn, and diarrhea for 4 months. The stools are foul-smelling and do not flush easily. Over the past 4 months, she has had a 2.2-kg (5-lb) weight loss. Her only medication is an over-the-counter antacid. Her mother has autoimmune thyroid disease and Crohn disease. She is 150 cm (4 ft 11 in) tall and weighs 43 kg (95 lb); BMI is 19.1 kg/m2. Vital signs are within normal limits. Examination shows a wide-based gait. Muscle strength and tone are normal in all extremities. Rapid alternating movement of the hands is impaired. The abdomen is soft and there is mild tenderness to palpation in the epigastric area. Her hemoglobin concentration is 11.1 mg/dL, and levels of vitamin E and vitamin D are decreased. Upper endoscopy shows several ulcers in the gastric antrum and the descending duodenum. Which of the following is the most likely underlying mechanism of this patient's symptoms?",Inactivation of pancreatic enzymes,B
"A 69-year-old man is brought to the emergency department because of a 1-week history of recurring black stools. On questioning, he reports fatigue and loss of appetite over the last 3 months. Twenty years ago, he underwent a partial gastrectomy for peptic ulcer disease. The patient's father died of metastatic colon cancer at the age of 57 years. He is 163 cm (5 ft 4 in) tall and weighs 55 kg (121 lb); BMI is 20.8 kg/m2. He appears chronically ill. His temperature is 36.5°C (97.7°F), pulse is 105/min, and blood pressure is 115/70 mm Hg. The conjunctiva appear pale. Cardiopulmonary examination shows no abnormalities. The abdomen is soft and nontender. There is a well-healed scar on the upper abdomen. His hemoglobin concentration is 10.5 g/dL and his mean corpuscular volume is 101 μm3. An upper endoscopy shows a large nodular mass on the anterior wall of the lesser curvature of the gastric stump. Biopsy samples are obtained, showing polypoid, glandular formation of irregular-shaped and fused gastric cells with intraluminal mucus, demonstrating an infiltrative growth. Which of the following is the most appropriate next step in the management of this patient?",Abdominopelvic CT scan,D
"A 55-year-old man comes to the physician for a follow-up examination. During the past month, he has had mild itching. He has alcoholic cirrhosis, hypertension, and gastroesophageal reflux disease. He used to drink a pint of vodka and multiple beers daily but quit 4 months ago. Current medications include ramipril, esomeprazole, and vitamin B supplements. He appears thin. His temperature is 36.8°C (98.2°F), pulse is 68/min, and blood pressure is 115/72 mm Hg. Examination shows reddening of the palms bilaterally and several telangiectasias over the chest, abdomen, and back. There is symmetrical enlargement of the breast tissue bilaterally. His testes are small and firm on palpation. The remainder of the examination shows no abnormalities. Laboratory studies show:
Hemoglobin 10.1 g/dL
Leukocyte count 4300/mm3
Platelet count 89,000/mm3
Prothrombin time 11 sec (INR = 1)
Serum
Albumin 3 g/dL
Bilirubin
Total 2.0 mg/dL
Direct 0.2 mg/dL
Alkaline phosphatase 43 U/L
AST 55 U/L
ALT 40 U/L
α-Fetoprotein 8 ng/mL (N < 10)
Anti-HAV IgG antibody positive
Anti-HBs antibody negative
Abdominal ultrasonography shows a nodular liver surface with atrophy of the right lobe of the liver. An upper endoscopy shows no abnormalities. Which of the following is the most appropriate next step in management?""",Repeat abdominal ultrasound in 6 months,E
"A 70-year-old man is brought to the emergency department for the evaluation of worsening upper abdominal pain that he first noticed this morning after waking up. The pain is of tearing and burning quality and radiates to his back. Yesterday, he underwent an upper endoscopy and was diagnosed with gastritis and a large hiatal hernia. He has hypertension, hypercholesteremia, and a left bundle branch block that was diagnosed 5 years ago. The patient's mother died of myocardial infarction at the age of 70 years, and his father died of aortic dissection at the age of 65 years. The patient smoked one pack of cigarettes daily for the past 40 years, but quit 10 years ago. He drinks three beers daily. Current medications include hydrochlorothiazide, amlodipine, atorvastatin, and pantoprazole. The patient appears to be in mild distress. His temperature is 37.8°C (100.4°F), pulse is 103/min, and blood pressure is 135/89 mm Hg in the left arm and 132/90 mm Hg in the right arm. Cardiopulmonary examination shows crackling with every heartbeat. Abdominal examination shows tenderness to palpation in the epigastric region; bowel sounds are normal. Laboratory studies show:
Hemoglobin 16.0 g/dL
Leukocyte count 11,000/mm3
Na+ 140 mEq/L
K+ 4.2 mEq/L
Cl- 101 mEq/L
HCO3- 25 mEq/L
Creatinine 1.3 mg/dL
Alanine aminotransferase 21 U/L
Aspartate aminotransferase 43 U/L
Lipase 40 U/L (N = 14–280)
Troponin I 0.025 ng/mL (N < 0.1)
Chest x-ray shows a large hiatal hernia and mediastinal lucency. A 12-lead EKG shows sinus tachycardia and a left bundle branch block. Which of the following is the most appropriate next step in diagnosis?""",Contrast esophagography with gastrografin,E
A 56-year-old man comes to the physician because of intermittent retrosternal chest pain. Physical examination shows no abnormalities. Endoscopy shows salmon pink mucosa extending 5 cm proximal to the gastroesophageal junction. Biopsy specimens from the distal esophagus show nonciliated columnar epithelium with numerous goblet cells. Which of the following is the most likely cause of this patient's condition?,Esophageal exposure to gastric acid,B
"A 57-year-old man comes to the physician because of progressively worsening epigastric pain and 6.8-kg (15-lb) weight loss for the past 2 months. Two weeks ago, he noticed painful, red blotches on the medial aspect of his right calf. He has smoked one pack of cigarettes daily for the last 35 years. He appears thin. Physical examination shows tender erythematous nodules on the right ankle and left antecubital fossa. Endoscopy shows a large mass in the antrum of the stomach. A biopsy specimen of the gastric mass shows disorganized mucin-secreting cells with surrounding fibrosis. These cells most likely originated from which of the following structures?",Exocrine ducts in the body of the pancreas,C
A 57-year-old woman comes to the physician because of a 2-week history of worsening epigastric pain that improves with meals. She has had similar pain of lesser intensity for the past 4 years. Physical examination shows no abnormalities. Upper endoscopy shows a 0.5-cm mucosal breach in the anterior duodenal bulb that extends into the submucosa. A biopsy specimen of the lesion shows hypertrophy of the Brunner glands. This patient is at the greatest risk for which of the following complications?,Perforation,A
"A 33-year-old man comes to the physician because of a 2-month history of burning epigastric pain, dry cough, and occasional regurgitation. The pain is aggravated by eating and lying down. Physical examination shows a soft, non-tender abdomen. Upper endoscopy shows hyperemia in the distal third of the esophagus. Which of the following drugs is most likely to directly inhibit the common pathway of gastric acid secretion?",Lansoprazole,D
"A 38-year-old man comes to the physician because of an 8-month history of upper abdominal pain. During this period, he has also had nausea, heartburn, and multiple episodes of diarrhea with no blood or mucus. He has smoked one pack of cigarettes daily for the past 18 years. He does not use alcohol or illicit drugs. Current medications include an antacid. The abdomen is soft and there is tenderness to palpation in the epigastric and umbilical areas. Upper endoscopy shows several ulcers in the duodenum and the upper jejunum as well as thick gastric folds. Gastric pH is < 2. Biopsies from the ulcers show no organisms. Which of the following tests is most likely to confirm the diagnosis?",Fasting serum gastrin level,B
"A 57-year-old man comes to the physician because of a 3-month history of fatigue, difficulty swallowing, and weight loss. He has smoked 1 pack of cigarettes daily for 30 years. He is 173 cm (5 ft 8 in) tall, and weighs 54 kg (120 lb); BMI is 18 kg/m2. Upper gastrointestinal endoscopy shows an exophytic tumor at the gastroesophageal junction. The patient is diagnosed with advanced esophageal adenocarcinoma. Palliative treatment is begun. Two months later, he complains of difficulty sleeping. His husband says that the patient does not get out of bed most days and has lost interest in seeing his friends. Mental status examination shows a blunted affect, slowed speech, and poor concentration. This patient is at increased risk of developing which of the following findings on polysomnography?",Decreased REM sleep latency,F
A 45-year-old woman comes to the physician because of a 5-month history of recurrent retrosternal chest pain that often wakes her up at night. Physical examination shows no abnormalities. Upper endoscopy shows hyperemia in the distal third of the esophagus. A biopsy specimen from this area shows non-keratinized stratified squamous epithelium with hyperplasia of the basal cell layer and neutrophilic inflammatory infiltrates. Which of the following is the most likely underlying cause of this patient's findings?,Proximal migration of the gastroesophageal junction,D
"A 62-year-old man comes to the physician for hematemesis and progressive heartburn over the past 5 days. Ten days ago, he was started on a medication to treat a condition that causes hearing difficulties and pain of the lower legs. He has no other history of serious illness. He has smoked 1 pack of cigarettes daily for the past 20 years. Physical examination shows bowing of the tibias. Upper endoscopy shows inflammation of the mucosa and a 1-cm punched-out ulcer in the distal esophagus. Which of the following drugs is the most likely cause of the patient's current condition?",Risedronate,C
"An otherwise healthy 56-year-old man comes to the physician for a 2-year history of recurrent upper abdominal pain and fullness that worsens after meals. Urea breath test is positive. An endoscopy shows diffuse mucosal atrophy and patchy erythema, but no ulcer. A biopsy from which of the following areas is most likely to yield an accurate diagnosis?",Gastric antrum,C
"A 50-year-old man comes to the physician because of an 8-month history of intermittent watery diarrhea and abdominal pain. He has had a 12-kg (26-lb) weight loss during this period. He has also had episodic pain of the ankle, wrist, and knee joints during the past 5 years. An endoscopy with small bowel biopsy is performed. Histopathologic examination of a tissue specimen shows foamy macrophages in the lamina propria with periodic acid-Schiff (PAS)-positive inclusions. Further evaluation is most likely to show which of the following?","Intracellular, gram-positive bacilli",E
A 46-year-old man with HIV infection comes to the physician because of a 1-week history of severe retrosternal pain while swallowing. He has not been compliant with his antiretroviral drug regimen. His CD4+ T-lymphocyte count is 98/mm3 (N ≥ 500). Endoscopy shows white plaques in the esophagus. The most appropriate immediate treatment is a drug that inhibits which of the following enzymes?,Cytochrome p450 enzymes,D
A 56-year-old woman comes to the physician because of a 2-year-history of intermittent upper abdominal pain that occurs a few hours after meals and occasionally wakes her up in the middle of the night. She reports that the pain is relieved with food intake. Physical examination shows no abnormalities. Endoscopy shows a 0.5 x 0.5 cm ulcer on the posterior wall of the duodenal bulb. A biopsy specimen obtained from the edge of the ulcer shows hyperplasia of submucosal glandular structures. Hyperplasia of these cells most likely results in an increase of which of the following?,Bicarbonate secretion,G
"An otherwise healthy 50-year-old man comes to the physician because of a 6-month history of increasingly frequent episodes of upper abdominal pain, nausea, vomiting, and diarrhea. He has had a 3.2-kg (7-lb) weight loss during this time. Physical examination shows bilateral pitting pedal edema. An endoscopy shows prominent rugae in the gastric fundus. Biopsy shows parietal cell atrophy. Which of the following is the most likely underlying cause?",Proliferation of gastric mucus-producing cells,B
"A 37-year-old man with Crohn disease is admitted to the hospital because of acute small bowel obstruction. Endoscopy shows a stricture in the terminal ileum. The ileum is surgically resected after endoscopic balloon dilatation fails to relieve the obstruction. Three years later, he returns for a follow-up examination. He takes no medications. This patient is most likely to have which of the following physical exam findings?",Weakness and ataxia,A
A 68-year-old man comes to the physician because of a 4-month history of bad breath and progressive difficulty swallowing solid food. Physical examination shows no abnormalities. An upper endoscopy is performed and a photomicrograph of a biopsy specimen obtained from the mid-esophagus is shown. Which of the following best explains the findings in this patient?,Neoplastic proliferation of squamous epithelium,D
"A 38-year-old woman comes to the physician because of a 3-month history of moderate abdominal pain that is unresponsive to medication. She has a history of two spontaneous abortions at 11 and 12 weeks' gestation. Ultrasound examination of the abdomen shows normal liver parenchyma, a dilated portal vein, and splenic enlargement. Upper endoscopy shows dilated submucosal veins in the lower esophagus. Further evaluation of this patient is most likely to show which of the following findings?",Thrombocytopenia,F
"A 30-year-old man comes to the physician because of an episode of bloody vomiting this morning and a 1-week history of burning upper abdominal pain. Two weeks ago, he sustained a head injury and was in a coma for 3 days. An endoscopy shows multiple, shallow hemorrhagic lesions predominantly in the gastric fundus and greater curvature. Biopsies show patchy loss of epithelium and an acute inflammatory infiltrate in the lamina propria that does not extend beyond the muscularis mucosa. Which of the following is the most likely diagnosis?",Erosive gastritis,F
"A 34-year-old man comes to the physician because of foul-smelling diarrhea, fatigue, and bloating for 6 months. During this time, he has had a 5-kg (11-lb) weight loss without a change in diet. He has type 1 diabetes mellitus that is well-controlled with insulin. Examination shows conjunctival pallor and inflammation of the corners of the mouth. The abdomen is soft, and there is diffuse tenderness to palpation with no guarding or rebound. His hemoglobin concentration is 10.4 g/dL. The patient undergoes upper endoscopy. A photomicrograph of tissue from an intestinal biopsy is shown. Which of the following is most likely to improve this patient's symptoms?",Avoidance of certain types of cereal grains,C
"A 55-year-old man comes to the physician because of a 2-month history of headaches, facial numbness, recurrent epistaxis, and a 5-kg (11-lb) weight loss. He recently immigrated from Hong Kong. Examination shows right-sided cervical lymphadenopathy. Endoscopy shows an exophytic nasopharyngeal mass. Histologic examination of a biopsy specimen of the mass shows sheets of undifferentiated cells with nuclear pleomorphism and abundant mitotic figures. The patient most likely acquired the causal pathogen of his nasopharyngeal mass via which of the following routes of transmission?",Transfer of saliva,C
A 55-year-old man comes to the physician because of a 3-week history of intermittent burning epigastric pain. His pain improves with antacid use and eating but returns approximately 2 hours following meals. He has a history of chronic osteoarthritis and takes ibuprofen daily. Upper endoscopy shows a deep ulcer located on the posterior wall of the duodenal bulb. This ulcer is most likely to erode into which of the following structures?,Gastroduodenal artery,E
"A 55-year-old woman comes to the physician because of a 2-week history of painful swelling on the right side of her face. The pain worsens when she eats. Examination of the face shows a right-sided, firm swelling that is tender to palpation. Oral examination shows no abnormalities. Ultrasonography shows a stone located in a duct that runs anterior to the masseter muscle and passes through the buccinator muscle. Sialoendoscopy is performed to remove the stone. At which of the following sites is the endoscope most likely to be inserted during the procedure?",Lateral to the second upper molar tooth,D
A 69-year-old man comes to the physician because of progressive difficulty swallowing and a 5-kg (11-lb) weight loss over the past 3 months. He first had trouble swallowing solid foods and then also developed difficulty swallowing liquids over the past week. Endoscopy shows a large mass 3 cm proximal to the esophagogastric junction. Biopsy of the mass shows significant distortion of glandular architecture. Which of the following is the strongest predisposing factor for this patient's condition?,Visceral obesity,D
"A 75-year-old man comes to the physician because of a 3-month history of upper abdominal pain, nausea, and sensation of early satiety. He has also had a 9.4-kg (20.7-lb) weight loss over the past 4 months. He has osteoarthritis. He drinks two beers every night with dinner. His only medication is ibuprofen. Esophagogastroduodenoscopy shows an ulcerated mass in the lesser curvature of the stomach. A biopsy specimen obtained during endoscopy shows irregular-shaped tubules with intraluminal mucus and debris. Which of the following is the most likely predisposing factor for this patient's condition?",Dietary nitrates,E
"A 28-year-old woman with HIV comes to the physician because of an 8-day history of severe pain while swallowing. She has been hospitalized several times with opportunistic infections and has poor adherence to her antiretroviral drug regimen. Endoscopy shows extensive, white, plaque-like lesions in the proximal esophagus. Culture of a biopsy specimen grows Candida albicans. Treatment with intravenous anidulafungin is initiated. Which of the following is the primary mechanism of action of this drug?",Decreased glucan synthesis,E
"A 21-year-old female presents to her obstetrician because she has stopped getting her period, after being irregular for the last 3 months. Upon further questioning, the patient reveals that she has had a 17 lb. unintended weight loss, endorses chronic diarrhea, abdominal pain, and constipation that waxes and wanes. Family history is notable only for an older brother with Type 1 Diabetes. She is healthy, and is eager to gain back some weight. Her OBGYN refers her to a gastroenterologist, but first sends serology laboratory studies for IgA anti-tissue transglutaminase antibodies (IgA-tTG). These results come back positive at > 10x the upper limit of normal. Which of the following is the gastroenterologist likely to find on endoscopy and duodenal biopsy?",Villous atrophy with crypt lengthening and intraepithelial lymphocytes,E
"A 35-year-old woman returns to her primary care physician for follow up after treatment for a peptic ulcer. She was diagnosed with a duodenal ulcer and gastritis; endoscopy and biopsy with Warthin Starry staining at the time of diagnosis showed the following (Figure A). She has completed a course with amoxicillin, clindamycin, and omeprazole. The patient reports resolution of symptoms. What is the next best step in management for this patient?",Perform a urease breath test,D
"A 38-year-old man presents to his gastroenterologist after being referred by his primary care physician (PCP). He has had intractable epigastric pain for the last 3 months following meals. His PCP prescribed him a course of ranitidine. After his symptoms did not resolve he was prescribed omeprazole. However, his symptoms persisted and he was referred to gastroenterology. The man undergoes an endoscopy, which finds a gastric ulcer (Figure A). Biopsy with silver staining is shown in Figure B. Which of the following is the most effective regimen for the treatment of this condition?","Omeprazole, metronidazole, tetracycline, bismuth",A
"A 75-year-old male presents with a 1-month history of severe abdominal and epigastric pain. He states that his pain improves with meals but worsens approximately one hour after eating. He has a history of osteoarthritis, which he treats with NSAIDs; he has increased his dose for the past 3 months due to increased pain. Vital signs are stable and within normal limits. Endoscopy is performed, and the results are shown in Figure A. What is the most common complication of this patient's condition?",Hemorrhage,B
"A 25-year-old woman presents to her primary care physician complaining of several months of diarrhea. She has also had crampy abdominal pain. She has tried modifying her diet without improvement. She has many watery, non-bloody bowel movements per day. She also reports feeling fatigued. The patient has not recently traveled outside of the country. She has lost 10 pounds since her visit last year, and her BMI is now 20. On exam, she has skin tags and an anal fissure. Which of the following would most likely be seen on endoscopy and biopsy?",Focal ulcerations with granuloma,D
"A 63-year-old male presents to the emergency department complaining of worsening nausea. He reports that the nausea began several months ago and is accompanied by occasional bloating and heartburn. He reports that he frequently feels full even after eating only a little at each meal, and occasionally he will vomit if he eats too much. The vomit is non-bloody and contains bits of undigested food. A review of systems is notable for occasional headaches, tingling in his distal extremities, and constipation. His medical history is significant for Parkinson’s disease diagnosed 3 years ago, hypertension diagnosed 8 years ago, and type II diabetes mellitus diagnosed 10 years ago. The patient reports that he was given prescriptions for both his blood pressure and diabetes medications, but he has not taken either for months because one of them was causing erectile dysfunction. He reports he regularly takes his levodopa. An endoscopy is performed, which rules out cancer. In addition to restarting medications for his hypertension and diabetes, what of the following is most appropriate treatment for the patient’s symptoms?",Erythromycin,E
"A 40-year-old woman with body mass index of 38 kg/m^2 presents to the emergency department with persistent bouts of epigastric pain for the past 2 hours with worsening nausea and vomiting. She has a history of polycystic ovarian syndrome and gastroesophageal reflux disease diagnosed by endoscopy, for which she takes omeprazole. She had a laparoscopic appendectomy 2 years ago. Her temperature is 98.3°F (36.8°C), blood pressure is 130/70 mmHg, pulse is 95/min, and respirations are 18/min. Her pulse oximeter reads 99% on room air. Abdominal tenderness is reproducible on physical exam without radiation in the upper abdomen. Her laboratory results are notable for the following:

Leukocyte count and differential:
Leukocyte count: 20,000/mm^3
Segmented neutrophils: 95%
Bands: 15%
Eosinophils: 2%
Basophils: 1%
Lymphocytes: 1%
Monocytes: 1%

Serum:
Na+: 135 mEq/L
Cl-: 100 mEq/L
K+: 4.2 mEq/L
HCO3-: 22 mEq/L
Urea nitrogen: 30 mg/dL
Glucose: 110 mg/dL
Creatinine: 1.1 mg/dL
Alkaline phosphatase: 50 U/L
Aspartate aminotransferase (AST, GOT): 25 U/L
Alanine aminotransferase (ALT, GPT): 15 U/L
Gamma-Glutamyltransferase (GGT): 1 U/L
Lipase: 250 IU/dL
Amylase: 300 IU/dL

She is admitted to the medical floor after being started on lactated ringer's solution and oxycodone as needed. Overnight, the patient complains that her pain is inadequately controlled. Her temperature is 98.3°F (36.8°C), blood pressure is 110/70 mmHg, pulse is 110/min, and respirations are 25/min. Her pulse oximeter reads 90% on room air. Her breathing is audible and labored with crackles heard on auscultation of her lungs bilaterally. After the patient is started on 10 liters of oxygen via nasal cannula, her SpO2 improves to 95%. An arterial blood gas is obtained:

pH 7.41
pCO2 30 mm Hg
pO2 125 mm Hg
HCO3 21 mEq/L
Base Excess +2

A chest radiograph is shown in Figure A. What is the best next step in management?",Elective intubation with low-volume low-PEEP ventilation,D
"A 62-year-old man comes to the office complaining of dysphagia that started 4-5 months ago. He reports that he initially he had difficulty swallowing only solid foods. More recently, he has noticed some trouble swallowing liquids. The patient also complains of fatigue, a chronic cough that worsens at night, and burning chest pain that occurs after he eats. He says that he has used over-the-counter antacids for “years” with mild relief. He denies any change in diet, but says he has “gone down a pant size or 2.” The patient has hypertension and hyperlipidemia. He takes amlodipine and atorvastatin. He smoked 1 pack of cigarettes a day for 12 years while in the military but quit 35 years ago. He drinks 1-2 beers on the weekend while he is golfing with his friends. His diet consists mostly of pasta, pizza, and steak. The patient's temperature is 98°F (36.7°C), blood pressure is 143/91 mmHg, and pulse is 80/min. His BMI is 32 kg/m^2. Physical examination reveals an obese man in no acute distress. No masses or enlarged lymph nodes are appreciated upon palpation of the neck. Cardiopulmonary examination is unremarkable. An endoscopy is performed, which identifies a lower esophageal mass. Which of the following is the most likely diagnosis?",Adenocarcinoma,A
"A 41-year-old man presents to his primary care provider with abdominal pain. He says that the pain “comes and goes” throughout the day and usually lasts 20-30 minutes per episode. He can point to the spot 1-2 inches above the umbilicus where he feels the pain. He denies any feeling of regurgitation or nighttime cough but endorses nausea. He reports that he used to eat three large meals per day but has found that eating more frequently improves his pain. He tried a couple pills of ibuprofen with food over the past couple days and thinks it helped. He has gained four pounds since his past appointment three months ago. The patient denies any diarrhea or change in his stools. He has no past medical history. He drinks 5-6 beers on the weekend and has a 20 pack-year smoking history. He denies any family history of cancer. On physical exam, he is tender to palpation above the umbilicus. Bowel sounds are present. A stool guaiac test is positive. The patient undergoes endoscopy with biopsy to diagnose his condition.

Which of the following is most likely to be found on histology?",Urease-producing organism in the small intestine,B
"A 54-year-old male presents to the emergency department after an episode of bloody vomiting. He is a chronic alcoholic with a history of cirrhosis, and this is the third time he is presenting with this complaint. His first two episodes of hematemesis required endoscopic management of bleeding esophageal varices. His hemoglobin on admission laboratory evaluation was 11.2 g/dL. The patient is stabilized, and upper endoscopy is performed with successful banding of bleeding varices. Follow-up lab-work shows hemoglobin levels of 10.9 g/dL and 11.1 g/dL on days 1 and 2 after admission. Which of the following is the best next step in the management of this patient?",Discuss with the patient the option of a transjugular intrahepatic portosystemic stent (TIPS),B
"A 47-year-old man comes to the emergency department complaining of weight gain and abdominal discomfort. He states that over the past month he has gained 10 lbs. This week he began experiencing mild, diffuse abdominal discomfort. He denies nausea, vomiting, constipation, or diarrhea. The patient has not seen a physician in years and takes no medications. He is a truck driver. He states that he drinks a 6-pack of beer per night. On physical examination, there is jaundice, hepatomegaly, and a positive fluid wave. An abdominal ultrasound reveals cirrhosis, portal vein dilation, and moderate ascites. He undergoes a paracentesis that relieves his symptoms. Fluid analysis is shown below:

Serum:
Albumin: 4.0 g/dL

Ascitic fluid:
Color: Yellow
Leukocyte count: 100/mm^3 with 50% neutrophils
Protein: 2.3 g/dL
Albumin: 1.9 g/dL

A culture is pending. He is discharged and instructed to follow-up with a gastroenterologist for an upper endoscopy. Upper endoscopy reveals multiple, small non-bleeding esophageal varices. Which of the following is the next best step in management of the patient’s condition?",Propranolol,D
"A 42-year-old man presents to his primary care provider for abdominal pain. He reports that for several months he has been experiencing a stabbing pain above the umbilicus during meals. He denies associated symptoms of nausea, vomiting, or diarrhea. The patient’s past medical history is significant for hypertension and hyperlipidemia for which he takes amlodipine and atorvastatin. His family history is significant for lung cancer in his father. The patient is a current smoker with a 20 pack-year smoking history and drinks 3-5 beers per week. Initial laboratory testing is as follows:

Serum:
Na+: 141 mEq/L
K+: 4.6 mEq/L
Cl-: 102 mEq/L
HCO3-: 25 mEq/L
Urea nitrogen: 14 mg/dL
Creatinine: 1.1 mg/dL
Glucose: 120 mg/dL
Calcium: 8.4 mg/dL
Alkaline phosphatase: 66 U/L
Aspartate aminotransferase (AST): 40 U/L
Alanine aminotransferase (ALT): 52 U/L
Gastrin: 96 pg/mL (<100 pg/mL)
Lipase: 90 U/L (<160 U/L)

The patient is started on a proton pump inhibitor without symptomatic improvement after 6 weeks. He is referred for an upper endoscopy, which demonstrates erosive gastritis, three ulcers in the duodenum, and one ulcer in the jejunum. Biopsy of the gastric mucosa is negative for H. pylori. Which of the following is the best next step in management?",Secretin stimulation test,C
"A 53-year-old woman presents to the office complaining of an extreme, nonradiating stabbing pain in the epigastric region after having a meal. She states that it has happened several times in the past week approximately 30 minutes after eating and spontaneously resolves. A day before, the patient went to urgent care with the same complaint, but the abdominal X-ray was normal. Surgical history is remarkable for a total knee arthroplasty procedure 6 months ago. She has lost 34 kg (75 lb) since the operation because of lifestyle changes. The vital signs are normal. Laparoscopic surgical scars are well healed. Endoscopy shows benign mucosa to the proximal duodenum. A barium swallow study reveals an extremely narrowed duodenum. Which of the following structures is most likely responsible for this patient’s current symptoms?",Superior mesenteric artery,A
"A 50-year-old man presents to the emergency department complaining of chest pain and drooling that started immediately after eating a steak. His past medical history is significant for lye ingestion 5 years ago during a suicidal attempt. He also suffers from hypertension and diabetes mellitus, type 2. He takes fluoxetine, lisinopril, and metformin every day. He also regularly sees a counselor to cope with his previous suicide attempt. Both of his parents are still alive and in good health. His heart rate is 96/min, temperature is 36.7°C (98.1°F).On physical examination, the patient can talk normally and breaths without effort. He is drooling. The chest pain is vague and constant. A chest X-ray shows no subcutaneous emphysema. An endoscopy confirms the presence of a retained bolus of meat 24 cm beyond the incisors where a stricture is identified. The bolus is removed and the stricture is dilated. Which of the following anatomic spaces contains the stricture?",The superior mediastinum,A
"A 47-year-old man presents with upper GI (upper gastrointestinal) bleeding. The patient is known to have a past medical history of peptic ulcer disease and was previously admitted 4 years ago for the same reason. He uses proton-pump inhibitors for his peptic ulcer. Upon admission, the patient is placed on close monitoring, and after 8 hours, his hematocrit is unchanged. The patient has also been hemodynamically stable after initial fluid resuscitation. An upper endoscopy is performed. Which of the following endoscopy findings most likely indicates that this patient will not experience additional GI bleeding in the next few days?",Clean-based ulcer,E
"A 62-year-old man presents with epigastric pain over the last 6 months. He says the pain gets worse with food, especially coffee. He also complains of excessive belching. He says he has tried omeprazole recently, but it has not helped. No significant past medical history or current medications. On physical examination, there is epigastric tenderness present on deep palpation. An upper endoscopy is performed which reveals gastric mucosa with signs of mild inflammation and a small hemorrhagic ulcer in the antrum. A gastric biopsy shows active inflammation, and the specimen stains positive with Warthin–Starry stain, revealing Helicobacter pylori. Which of the following is the next, best step in the management of this patient’s condition?","Give amoxicillin, clarithromycin, and omeprazole",D
"A 48-year-old woman visits the clinic with unintentional weight loss for the past 3 months. She is also concerned about difficulty swallowing solid food. She also has early satiety and mild abdominal discomfort. An upper gastrointestinal endoscopy is advised along with a biopsy. The histopathological report reveals gastric adenocarcinoma. She then undergoes a subtotal gastrectomy and is started on an adjuvant chemotherapy regimen with platinum and fluoropyrimidine. 2 weeks later she develops acute respiratory distress and chest pain. A D-dimer test is positive. Her blood pressure is 125/78, heart rate is 110/min, and oxygen saturation is 88%. CT scan of the chest reveals a clot in the anterior segmental artery in the right upper lung. Which of the following therapies should the patient be started on for her acute condition?",Low-molecular weight heparin,C
"A 32-year-old man presents to the clinic for mild intermittent epigastric pain for the past 6 months and lethargy for the past month. He denies any history of smoking or alcohol use. No significant family history. His blood pressure is 144/86 mm Hg, the pulse is 98/min, and the respiratory rate is 15/min. On physical examination, the patient looks pale. Laboratory findings are significant for a hemoglobin of 10 g/dL, leukocyte count of 7000/mm3 and an MCV of 94 μm. A urease breath test is negative. Endoscopy is performed, and it shows erythema in the body and fundus of the stomach and the absence of any bleeding. There is hypertrophy of the gastric antrum. Which of the following cell types play the greatest role in producing the antibodies that cause this patient’s condition?",Plasma cell,D
"A 60-year-old man presented to the hospital with right upper quadrant abdominal pain. He has a history of hepatitis B. He underwent a CT of his abdomen which revealed a large mass (11.3 cm x 7.2 cm in diameter) with a metastatic retroperitoneal lymph node. He was diagnosed with hepatocellular carcinoma and initially received radiotherapy while on the transplant list to prevent local expansion of his malignancy. 3 months after radiotherapy, the patient experienced hematemesis and melena. He was admitted to the emergency department for evaluation. His vitals were: blood pressure 84/56 mmHg, heart rate 92/min, and respiratory rate 20/min. Laboratory evaluation revealed severe anemia with a hemoglobin level of 5.7 g/dL, INR 1.8 and platelets of 68,000 cells/mm3. He received a blood transfusion. An endoscopic examination demonstrated diffuse edematous hyperemic mucosa and multiple hemorrhagic patches with active oozing in the antrum. What is the most likely diagnosis for the lesions seen in endoscopy?",Intrinsic apoptotic pathway,A
A 52-year-old woman presents with mild epigastric pain and persistent heartburn for the past 2 months. An endoscopy is performed and reveals inflammation of the stomach mucosa without evidence of ulceration. A biopsy is performed and reveals intestinal metaplasia with destruction of a large number of parietal cells. She is diagnosed with chronic atrophic gastritis. Which of the following is characteristic of this patient’s diagnosis?,Destruction of the mucosa of the stomach is mediated by T cells.,D
"A 72-year-old woman presents to her primary care provider complaining of fatigue for the last 6 months. She can barely complete her morning chores before having to take a long break in her chair. She rarely climbs the stairs to the second floor of her house anymore because it is too tiring. Past medical history is significant for Hashimoto's thyroiditis, hypertension, and hyperlipidemia. She takes levothyroxine, chlorthalidone, and atorvastatin. Her daughter developed systemic lupus erythematosus. She is retired and lives by herself in an old house build in 1945 and does not smoke and only occasionally drinks alcohol. She eats a well-balanced diet with oatmeal in the morning and some protein such as a hardboiled egg in the afternoon and at dinner. Today, her blood pressure is 135/92 mm Hg, heart rate is 110/min, respiratory rate is 22/min, and temperature is 37.0°C (98.6°F). On physical exam, she appears frail and her conjunctiva are pale. Her heart is tachycardic with a regular rhythm and her lungs are clear to auscultation bilaterally. A complete blood count (CBC) shows that she has macrocytic anemia. Peripheral blood smear shows a decreased red blood cell count, anisocytosis, and poikilocytosis with occasional hypersegmented neutrophils. An endoscopy and colonoscopy are performed to rule out an occult GI bleed. Her colonoscopy was normal. Endoscopy shows thin and smooth gastric mucosa without rugae. Which of the following is the most likely cause of this patient’s condition?",Pernicious anemia,B
A 58-year-old department store manager comes to his doctor’s office complaining that he had recently been waking up in the middle of the night with abdominal pain. This has happened several nights a week in the past month. He has also been experiencing occasional discomfort in the afternoon. The patient's appetite has suffered as a result of the pain he was experiencing. His clothes hang on him loosely. The patient does not take any prescription or over the counter medications. The remainder of the patient’s history and physical exam is completely normal. The doctor refers the patient to a gastroenterologist for a stomach acid test and an upper gastrointestinal endoscopy which revealed that this patient is a heavy acid producer and has a gastric peptic ulcer. This ulcer is most likely found in which part of the stomach?,In the pyloric channel within 3 cm of the pylorus,A
"A 51-year-old man seeks evaluation from his family physician with a complaint of heartburn, which has been gradually increasing over the last 10 years. The heartburn gets worse after eating spicy foods and improves with antacids. The past medical history is benign. He is a security guard and works long hours at night. He admits to smoking 1.5 packs of cigarettes every day. Upper gastrointestinal endoscopy reveals several gastric ulcers and regions of inflammation. A biopsy is obtained, which revealed gram-negative bacteria colonized on the surface of the regenerative epithelium of the stomach, as shown in the micrograph below. Which of the following bacterial products is responsible for neutralizing the acidity of the stomach?",Urease,C
"A 25-year-old man presents to the emergency department after numerous episodes of vomiting. The patient states that he thinks he ‘ate something weird’ and has been vomiting for the past 48 hours. He says that he came to the hospital because the last few times he ""threw up blood"". He is hypotensive with a blood pressure of 90/55 mm Hg and a pulse of 120/min. After opening an intravenous line, a physical examination is performed which is normal except for mild epigastric tenderness. An immediate endoscopy is performed and a tear involving the mucosa and submucosa of the gastroesophageal junction is visualized. Which of the following is the most likely diagnosis?",Mallory-Weiss tear,E
"A 48-year-old woman with a history of osteoarthritis and hypertension presents to the office complaining of persistent abdominal pain for the last 2 months. She describes the pain as 'burning and achy' that is worse when she eats, which has lead to a weight loss of 4.5 kg (10.0 lb). The patient is currently taking lisinopril and atenolol for her blood pressure and ibuprofen as needed for her osteoarthritis. Her temperature is 37.1°C (98.7°F), heart rate is 75/min, and blood pressure is 120/80 mm Hg. An endoscopy is performed and a gastric ulcer is visualized and biopsied. The biopsy reveals H. pylori infection. Which of the following is the most likely predisposing factor to this patient’s diagnosis?",Chronic NSAID use,A
A 13-year-old boy is brought to the pediatrician by his parents who are concerned about his short stature. He also has had recurrent episodes of diarrhea. Past medical history is significant for iron deficiency anemia diagnosed 6 months ago. Physical examination is unremarkable except that he is in the 9th percentile for height. Serum anti-tissue transglutaminase (anti-tTG) antibodies are positive. An upper endoscopy along with small bowel luminal biopsy is performed. Which of the following histopathologic changes would most likely be present in the mucosa of the duodenal biopsy in this patient?,Blunting of the intestinal villi,B
"A 65-year-old woman was referred to a specialist for dysphagia and weight loss. She has a history of difficulty swallowing solid foods, which has become worse over the past year. She has unintentionally lost 2.3 kg (5 lb). A previous gastroscopy showed mild gastritis with a positive culture for Helicobacter pylori. A course of triple antibiotic therapy and omeprazole was prescribed. Follow-up endoscopy appeared normal with no H. pylori noted on biopsy. Her heartburn improved but the dysphagia persisted. She had a myocardial infarction four years ago, complicated by acute mitral regurgitation. Physical examination revealed a thin woman with normal vital signs. Auscultation of the heart reveals a 3/6 blowing systolic murmur at the apex radiating to the axilla. Breath sounds are reduced at the base of the right lung. The abdomen is mildly distended but not tender. The liver and spleen are not enlarged. Electrocardiogram shows sinus rhythm with a non-specific intraventricular block. Chest X-ray shows an enlarged cardiac silhouette with mild pleural effusion. What is the most probable cause of dysphagia?",Left atrium enlargement,C
"A 67-year-old man presents to the office complaining of abdominal pain. He was started on a trial of proton pump inhibitors 5 weeks ago but the pain has not improved. He describes the pain as dull, cramping, and worse during meals. Medical history is unremarkable. Physical examination is normal except for tenderness in the epigastric region. Endoscopy reveals an eroding gastric ulcer in the proximal part of the greater curvature of the stomach overlying a large pulsing artery. Which of the following arteries is most likely visible?",Left gastro-omental artery,D
"A patient presents to his primary care physician with complaints of regular headaches and upper abdominal pain. On physical examination, his spleen and liver seem enlarged, and his face is plethoric. Gastroendoscopy reveals several gastric ulcers ranging from 5–3 mm in greatest dimension. A bone marrow aspirate shows hypercellularity with fibrosis and serum erythropoietin is low. The patient is informed about a new treatment with ruxolitinib for the main cause of his symptoms. Which of the conditions below can develop due to the same mutation that is causing this patient’s symptoms?",Essential thrombocythemia,E
"A 28-year-old woman presents with 2 episodes of blood-tinged emesis. She says that her symptoms onset acutely this morning and have not improved. She denies any associated fever, chills, or similar symptoms in the past. Past medical history is significant for irritable bowel syndrome (IBS). No current medications. She denies any smoking history or alcohol use. Review of systems (ROS) is notable for irregular menses. Her vitals are temperature 37.0°C (98.6°F), blood pressure is 120/80 mm Hg, pulse is 80/min, and respirations are 14/min. BMI is 24 kg/m2. Physical examination reveals an erythematous oropharynx with no tonsillar swelling or exudates. Firm parotid glands are present bilaterally. She also has several scars on her knuckles. Fecal occult blood test is negative. Which of the following findings would most likely be seen on upper endoscopy in this patient?",Mucosal tear of distal esophagus,C
"You are on your first day of a pathology rotation and the attending pathologist gives you a biopsy specimen to examine. She says it is from the antrum of the stomach of a 32-year-old man who has been complaining of abdominal pain for the past 6 months. The patient states the pain gets worse when eating. On endoscopy, there was a single ulcerated lesion with a 'punched out' appearance. What are the most likely histologic findings in this biopsy specimen?",A urease-positive organism,C
"A 45-year-old man undergoes an esophagogastroduodenoscopy for his recurrent episodes of epigastric pain. He also lost a significant amount of weight in the last 6 months. He says that he has been taking a number of dietary supplements ""to cope"". His past medical history is insignificant, and a physical examination is within normal limits. The endoscopy shows a bleeding ulcer in the proximal duodenum. Lab tests reveal a serum iron level of 130 μg/dL. However, his stool guaiac test is negative for occult blood. Over-ingestion of which of the following substances is the most likely cause for this patient’s lab findings?",Ascorbic acid,C
"A 45-year-old man is brought to the emergency department by ambulance after vomiting blood. The patient reports that he only ate a small snack the morning before and had not eaten anything for over 24 hours. At the hospital, the patient is stabilized. He is admitted to a surgical floor and placed on NPO with a nasogastric tube set to intermittent suction. He has been previously diagnosed with liver cirrhosis. An esophagogastroduodenoscopy (EGD) has been planned for the next afternoon. At the time of endoscopy, some pathways were generating glucose to maintain serum glucose levels. Which of the following enzymes catalyzes the irreversible biochemical reaction of this process?","Fructose-1,6-bisphosphatase",D
"A 52-year-old man presents with 2 months of diarrhea, abdominal pain, and fatigue. He reports a weight loss of 4 kg (8 lb). He also says his joints have been hurting recently, as well. Past medical history is unremarkable. Review of systems is significant for problems with concentration and memory. Physical examination is unremarkable. A GI endoscopy is performed with a biopsy of the small bowel. Which of the following histologic finding would most likely be seen in this patient?",PAS positive macrophages,B
"A 48-year-old woman presents to the doctor’s office complaining of frequent episodes of severe heartburn and chest pain. It feels like food is getting stuck in her throat somewhere. She wakes up at night in fits of coughing and in pain. Antacids and other over the counter remedies do not improve the discomfort. The physician feels that the patient has acid reflux and recommends upper gastrointestinal endoscopy and a trial of omeprazole. Several biopsies are taken during the endoscopy: one from the distal esophagus, one from the gastroesophageal junction, and one from the body of the stomach. Which histological finding would place her at the highest risk of developing esophageal adenocarcinoma in the near future?",The presence of high grade dysplasia at the Z line,E
"A 26-year-old man presents to the office complaining of persistent epigastric pain for the past 2 months. He states that his pain is worse a few hours after he eats. His father had similar symptoms. Past medical history is insignificant. He is a non-smoker and does not drink alcohol. The vital signs include blood pressure 120/90 mm Hg, heart rate 83/min, and temperature 37.0°C (98.6°F). Physical examination is insignificant except for mild epigastric tenderness. A metabolic panel reveals the following:
Serum sodium 136 mEq/L
Serum potassium 4.2 mEq/L
Calcium 13.2 mg/dL
Bicarbonate 26 mEq/L
Upper gastrointestinal endoscopy reveals multiple duodenal ulcers. Which of the following is the most likely diagnosis?",MEN1,E
"A 50-year-old man presents for a routine examination. Past medical history is significant for cirrhosis secondary to hepatitis C virus (HCV) infection diagnosed 4 years ago and complicated by ascites. Current medications include furosemide 40 mg orally daily. Physical examination is unremarkable. Laboratory findings are significant for the following:
Laboratory test
Aspartate Aminotransferase (AST) 80 U/L
Alanine Aminotransferase (ALT) 50 U/L
Total bilirubin 2.5 mg/dL
Direct bilirubin 1.8 mg/dL
Alkaline phosphatase (ALP) 140 U/L
International normalized ratido (INR) 1.9
Serum creatinine 1 mg/dL
Urinalysis
Sodium 200 mmol/24h
Potassium 60 mmol/24h
Protein Nil
RBCs Nil
RBC casts Nil
WBCs Nil
Urea 13 g/24h
Creatinine 6 mmol/24h
  Abdominal and renal ultrasound reveals no interval change over the past 6 months. Moderate ascites is present. Upper GI endoscopy reveals esophageal varices with a hepatic venous pressure gradient measuring 14 mm Hg. Diagnostic paracentesis is performed and yields a clear liquid with an absolute polymorphonuclear neutrophil (PMN) count of 75 cells/mm3. Which of the following is the most likely etiology of this patient’s condition?",Portal hypertension,C
"A 66-year-old man is brought to the emergency room by his wife due to abdominal distension and persistent somnolence for the past 2 weeks. The patient’s wife says that he has been sleeping much more than usual for the past 5 days. His bowel and bladder habit have not changed. His past medical history is significant for alcoholic liver cirrhosis. His vital signs include: pulse 76/min, respiratory rate 15/min, temperature 38.0°C (100.4°F) and blood pressure 122/75 mm Hg. On physical examination, the patient is altered and not responsive to commands. Oriented x 0. The abdomen is significantly distended. Shifting dullness is present and a positive fluid wave can be elicited. Hyperreflexia and asterixis are noted. Laboratory findings are significant for the following:
Laboratory test
Sodium 140 mEq/L
Potassium 3.5 mEq/L
Chloride 97 mEq/L
Glucose 90 mg/dL
Ammonia 100 µg/dL (ref: 19-60 µg/dL)
Arterial blood gas
pH 7.4
pCO2 40 mm Hg
pO2 90 mm Hg
HCO3 26 mEq/L
An abdominal ultrasound shows surface nodularity compatible with cirrhosis but no other changes aside from ascites. An upper GI endoscopy is performed which shows gastric varices with no signs of active bleeding. An MRI of the brain is insignificant. What is the most likely precipitating factor that led to this patient’s condition?",Spontaneous bacterial peritonitis,A
"A 32-year-old woman is brought to the emergency department by her husband because of an episode of hematemesis 2 hours ago. She has had dyspepsia for 2 years. Her medications include occasional ibuprofen for headaches. After initial stabilization, the risks and benefits of upper endoscopy and alternative treatments, including no therapy, are explained thoroughly. She shows a good understanding of her condition and an appreciation of endoscopic treatment and its complications. She decides that she wants to have an endoscopy to find the source of bleeding and appropriately manage the ulcer. Her medical records show advance directives that she signed 3 years ago; her sister, who is a nurse, has a durable power of attorney. Regarding obtaining informed consent, which of the following is the most accurate conclusion for providing endoscopic treatment for this patient?",Documentation of her decision prior to treatment is required,A
"A 19-year-old college student is brought to the emergency department with persistent vomiting overnight. He spent all day drinking beer yesterday at a college party according to his friends. He appears to be in shock and when asked about vomiting, he says that he vomited up blood about an hour ago. At the hospital, his vomit contains streaks of blood. His temperature is 37°C (98.6°F), respirations are 15/min, pulse is 107/min, and blood pressure is 90/68 mm Hg. A physical examination is performed and is within normal limits. Intravenous fluids are started and a blood sample is drawn for typing and cross-matching. An immediate upper gastrointestinal endoscopy reveals a longitudinal mucosal tear in the distal esophagus. What is the most likely diagnosis?",Mallory-Weiss tear,B
"A 76-year-old man presents to the physician because of dyspepsia and weight loss over the past 6 months. He has no history of any serious illnesses and takes no medications. A diagnostic workup including endoscopy and biopsy shows gastric adenocarcinoma. Before further workup and staging, the biopsy results are discussed with the patient. He refuses any type of life-prolonging treatment, including chemotherapy, radiation, or surgery, but he requests appropriate palliative care without any significant burden of healthcare costs. Regarding this patient’s eligibility for hospice care, what is the most appropriate next step?",Determining patient’s life-expectancy without treatment,B
"A 48-year-old Caucasian woman presents to her primary care provider complaining about difficulties while swallowing with fatigability and occasional palpitations for the past few weeks. Her personal history is relevant for bariatric surgery a year ago and a long list of allergies which includes peanuts, penicillin, and milk protein. Physical examination is unremarkable except for pale skin and mucosal surfaces, koilonychia, and glossitis. Which of the following descriptions would you expect to find in an endoscopy?",Luminal eccentric membranes,C
"A 58-year-old man presents to the emergency department with a 1-day history of difficulty swallowing. He also mentions that he has been frequently experiencing moderate to severe burning pain localized to the epigastric region for the last 3 weeks. The patient denies any history of vomiting, hematemesis, or black-colored stools. His past medical history is significant for gastroesophageal reflux disease diagnosed 10 years ago, for which he has not been compliant with medications. He has seen multiple physicians for similar complaints of retrosternal burning with regurgitation over the last 10 years but has not taken the medications suggested by the physicians regularly. He has never had a colonoscopy or endoscopy. He does not have any other known medical conditions, but he frequently takes over-the-counter analgesics for the relief of muscular pain. On physical examination, his vital signs are stable. Physical examination is normal except for the presence of mild pallor. Examination of the chest and abdomen does not reveal any abnormality. Which of the following investigations is indicated as the next step in the diagnostic evaluation of this patient?",Upper gastrointestinal endoscopy,E
"A 27-year-old new patient presents to the physician’s office with complaints of burning, upper abdominal pain for the past 6 months. The pain does not radiate and is only partially relieved by eating small meals, over the counter antacids, and PPI. He previously underwent upper endoscopy that revealed small ulcers in the stomach and duodenum. He had to relocate across the country before he could receive proper treatment or further workup. He also complains of constipation and urinary frequency. His mother has a history of peptic ulcer disease and recurrent kidney stones. Vital signs are normal. On physical examination, the patient is alert and not under distress. Abdominal examination reveals epigastric tenderness with no rebounding. Cardiopulmonary examination is unremarkable. A fecal occult blood test is positive. Laboratory results are as follows:
Sodium 142 mEq/L
Potassium  4.1 mEq/L
Chloride  108 mEq/L
Bicarbonate  22 mEq/L
Calcium  11.2 mg/dL
Phosphorus 2.0 mg/dL
Blood urea nitrogen 19 mg/dL
Creatinine 1.1 mg/dL
Additional evaluation is most likely to reveal which of the following?",Pituitary adenoma,E
"A 66-year-old man was referred for endoscopic evaluation due to iron deficiency anemia. He has had anorexia and weight loss for two months. Three years ago, the patient had coronary artery bypass grafting and aortic mechanical valve replacement. He has a 12-year history of diabetes mellitus and hypertension. He takes warfarin, lisinopril, amlodipine, metformin, aspirin, and carvedilol. His blood pressure is 115/65 mm Hg, pulse is 68/min, respirations are 14/min, temperature is 36.8°C (98.2°F), and blood glucose is 220 mg/dL. Conjunctivae are pale. Heart examination reveals a metallic click just before the carotid pulse. Which of the following is the most appropriate switch in this patient’s drug therapy before the endoscopy?",Warfarin to heparin,E
"A 55-year-old Caucasian man is referred to a gastroenterologist for difficulty in swallowing. He has been cutting his food into much smaller pieces when he eats for a little over a year. Recently, he has been having difficulty with liquid foods like soup as well. His past medical history is irrelevant, but he has noticed a 4 kg (8.8 lb) weight loss over the past 2 months. He is a smoker and has a BMI of 26 kg/m2. He regularly uses omeprazole for recurrent heartburn and ibuprofen for a frequent backache. On examination, the patient is afebrile and has no signs of pharyngeal inflammation, cervical lymphadenopathy, or palpable thyroid gland. A barium swallow imaging with an upper GI endoscopy is ordered. Which of the following is a risk factor for the condition that this patient has most likely developed?",Acid reflux,E
"A 47-year-old man presents with recurrent epigastric pain and diarrhea. He has had these symptoms for the last year or so and has been to the clinic several times with similar complaints. His current dosage of omeprazole has been steadily increasing to combat his symptoms. The pain seems to be related to food intake. He describes his diarrhea as watery and unrelated to his meals. Blood pressure is 115/80 mm Hg, pulse is 76/min, and respiratory rate is 19/min. He denies tobacco or alcohol use. He does not take any medications. An upper endoscopy is performed due to his unexplained and recurrent dyspepsia and reveals thickened gastric folds with three ulcers in the first part of the duodenum, all of which are negative for H. pylori. Which of the following is the best next step in this patient’s management?",Fasting serum gastrin levels,B
"A 35-year old Caucasian woman visits a community clinic and is presenting with a long history of early satiety, diarrhea, fatigue, hair loss, and brittle nails. Her family history is insignificant. Her personal history is relevant for iron deficiency anemia and vitamin B12 deficiency, as seen in her lab reports a few months back. Her physical examination is unremarkable except for pale skin and mucous surfaces, and glossitis. She brings with herself an upper endoscopy report describing antral atrophic gastritis. Which of the following tests would you expect to be positive in this patient?",Anti-parietal cell antibodies,C
"A 46-year-old man comes to the physician with chronic abdominal pain. He has a 3-year history of severe peptic ulcer disease and esophagitis. Two months ago, he took omeprazole, clarithromycin, and amoxicillin for 14 days. His medical history is otherwise unremarkable. Currently, he takes omeprazole 60 mg/day. He is a 10 pack-year smoker and consumes alcohol regularly. Vital signs are within normal limits. Mild epigastric tenderness is noted on deep palpation of the epigastrium. Laboratory studies show:
Serum
Calcium 9.5 mg/dL
Phosphorus 4 mg/dL
An upper endoscopy shows several large ulcers in the antrum and 2nd and 3rd parts of the duodenum. The rapid urease test is negative. Fasting gastrin levels are elevated. PET-CT with Ga-Dotatate shows a single mass in the wall of the duodenum. No other mass is detected. Pituitary MRI shows no abnormality. Which of the following is the most appropriate next step in management?",Surgical resection,F
"A 28-year-old man presents to his primary care provider complaining of intermittent stomach pain, non-bloody diarrhea, and weight loss for the last 3 months. He has occasional abdominal pain and fever. This condition makes studying difficult. He has tried omeprazole and dietary changes with no improvement. Past medical history is significant for occasional pain in the wrists and knees for several years. He takes ibuprofen for pain relief. His temperature is 38°C (100.4°F). On mental status examination, short-term memory is impaired. Attention and concentration are reduced. Examination shows no abnormalities or tenderness of the wrists or knees. There are no abnormalities on heart and lung examinations. Abdominal examination is normal. Upper endoscopy shows normal stomach mucosa but in the duodenum, there is pale yellow mucosa with erythema and ulcerations. Biopsies show infiltration of the lamina propria with periodic acid-Schiff (PAS)-positive macrophages. Which of the following best explains these findings?",Whipple’s disease,D
"A 31 year-old-man presents to an urgent care clinic with symptoms of lower abdominal pain, bloating, bloody diarrhea, and fullness, all of which have become more frequent over the last 3 months. His vital signs are as follows: blood pressure is 121/81 mm Hg, heart rate is 87/min, and respiratory rate is 15/min. Rectal examination reveals a small amount of bright red blood. Lower endoscopy is performed, showing extensive mucosal erythema, induration, and pseudopolyps extending from the rectum to the splenic flexure. Given the following options, what is the definitive treatment for this patient’s underlying disease?",Total proctocolectomy,E
"A 52-year-old woman visits her primary care practitioner, who has been following her closely after she was diagnosed with peptic ulcer disease. She tested positive for H. pylori in a urea breath test, which was later confirmed by an endoscopic biopsy. Her family history is significant for colorectal carcinoma, as well as ovarian cancer. Her past medical history is relevant for cigarette smoking and peptic ulcer disease, which has been under treatment twice, initially with a clarithromycin-containing regime. This was followed by a bismuth-containing regime after a fecal antigen test was positive 4 weeks later. A recent endoscopy and fecal antigen test detected H. pylori in her stomach mucosa. In addition to a protein pump inhibitor (PPI), which of the following should be added to the treatment regime of this patient?","Levofloxacin, amoxicillin",B
"A 22-year-old Caucasian female presents with severe right lower quadrant pain, malaise, and diarrhea. The physician performs an endoscopy and finds disease involvement in the terminal ileum, noting that that the disease process is patchy with normal intervening mucosa. The entire wall of the region is thickened and inflamed, which may directly lead to formation of:",Fistulas,A
"A 41-year-old female complains of frequent diarrhea and abdominal pain between meals. Endoscopy reveals a duodenal ulcer distal to the duodenal bulb. CT scan of the abdomen demonstrates a pancreatic mass, and subsequent tissue biopsy of the pancreas reveals a malignant islet cell tumor. Which of the following hormones is likely to be markedly elevated in this patient:",Gastrin,A
A 45-year-old Caucasian male presents to a gastroenterologist complaining of heartburn and difficulty swallowing. He recalls that he has been told by his primary care physician that he suffers from gastroesophageal reflux disease (GERD). The gastroenterologist decides to perform an upper endoscopy with biopsy. Which of the following findings would be consistent with Barrett's esophagus?,"A small region of red, velvet-like mucosa in the lower esophagus",C
"A 57-year-old female with a past medical history of alcoholism presents to the emergency room vomiting bright red blood. She is accompanied by her partner, who reports that she had been complaining of black and tarry stools for the past several days. Vital signs are temperature 37 degrees celsius, heart rate 141 beats per minute, blood pressure 90/60, respiratory rate 20, and oxygen saturation 99% on room air. On physical examination, she has splenomegaly and a positive fluid wave. The remainder of her examination is within normal limits. The patient is stabilized with intravenous fluids, and her blood pressure improves. Subsequent emergent upper endoscopy reveals bleeding from the submucosal veins in the lower 1/3 of the esophagus, but no gastric bleed. In the endoscopy suite she also receives IV octreotide. After intervention and resolution of her acute bleed, which of the following pharmacologic agents is indicated?",Nadalol,D
A 60-year-old male presents to your office for follow-up after an upper gastrointestinal (GI) endoscopy revealed the presence of esophageal varices. His medical history is significant for cirrhosis caused by heavy alcohol abuse for the past 20 years. He was instructed to follow-up with his primary care physician for management of his condition. Which of the following is the most appropriate next step for prevention of future variceal bleeding?,Nadolol,C
"To prepare for an endoscopy, a 27-year-old male was asked by the gastroenterologist to fast overnight for his 12 p.m. appointment the next day. Therefore, his last meal was dinner at 5 p.m. the day before the appointment. By 12 p.m. the day of the appointment, his primary source of glucose was being generated from gluconeogenesis, which occurs via the reversal of glycolysis with extra enzymes to bypass the irreversible steps in glycolysis. Which of the following irreversible steps of gluconeogenesis occurs in the mitochondria?",Pyruvate to oxaloacetate,C
"A 28-year-old Caucasian male with a history of oral thrush presents to the gastroenterologist with painful swallowing Image (Figure A). An endoscopy is performed, which reveals ""punched out"" ulcerations on the esophagus (Figure B). Biopsy of one ulceration reveals eosinophilic intranuclear inclusions and multinucleated squamous cells at the edges of the ulcer. What is the most likely cause of this patient's dysphagia?",Herpes simplex virus 1,D
A 41-year-old male who takes NSAIDs regularly for his chronic back pain develops severe abdominal pain worse with eating. Upper endoscopy is performed and the medical student asks the supervising physician how the histological differentiation between a gastric ulcer and erosion is made. Which of the following layers of the gastric mucosa MUST be breached for a lesion to be considered an ulcer?,"Epithelium, lamina propria, muscularis mucosa, and submucosa",D
"A 58-year-old man establishes care with a family physician after acquiring health insurance for the first time recently. He has no specific complaints, received all his vaccinations as a child, and has never had any major illnesses or hospitalizations. He drinks 1-2 beers on Friday nights with his wife and does not smoke or do any drugs. On review of systems, he mentions that he experiences burning in his chest after eating spicy meals. This has been going on for about twenty years. He has never taken any medications, has tried to modify his diet slightly, but continues to experience symptoms almost daily. The family physician refers him to see a gastroenterologist, who performs an endoscopy, which is shown in Figure A.

Which of the following best describes what may be seen on the endoscopy?",Biopsy and histology of the epithelium is likely to show goblet cells,D
"A 47-year-old man presents to his primary care provider with difficulty swallowing. He reports a 5-month history of food getting stuck in his throat due to an inability to swallow. He has also felt more fatigued than usual. He has had to quit his swimming club due to tiredness. His past medical history is notable for hypertension, obesity, and a prior myocardial infarction. He takes enalapril, spironolactone, metoprolol, and hydrochlorothiazide. He has a 35-pack-year smoking history and occasionally drinks a glass of wine with dinner. His temperature is 99.1°F (37.3°C), blood pressure is 145/80 mmHg, pulse is 102/min, and respirations are 16/min. On exam, he is a tired-appearing man in no acute distress. No lymphadenopathy is noted. The patient is pale with concave nail beds on his fingers. An endoscopy is performed with results shown in Figure A. Which of the following additional findings is most strongly associated with this patient's condition?",Atrophic glossitis,A
"A 56-year-old man comes to the clinic complaining of intermittent abdominal pain for the past 2 months. He reports that the pain improves with oral intake and is concentrated at the epigastric area. The pain is described as gnawing in quality and improves when he takes his wife’s ranitidine. He denies weight changes, fever, chest pain, or recent travel but endorses “brain fog” and decreased libido. An upper endoscopy reveals ulcerations at the duodenum and jejunum. Physical examination demonstrates bilateral hemianopsia, gynecomastia, and diffuse pain upon palpation at the epigastric area. Laboratory findings are demonstrated below:

Serum:
Na+: 137 mEq/dL
Cl-: 96 mEq/L
K+: 3.9 mEq/dL
HCO3-: 25 mEq/L
Glucose: 110 mg/dL
Creatinine: .7 mg/dL
Ca2+: 13.5 mg/dL

What is the best explanation for this patient’s findings?",Mutation of the MEN1 gene,D
"A 45-year-old woman presents to her primary care physician for abdominal pain. Her pain began approximately 1 week prior to presentation and is located in the epigastric region. She has noticed that the pain worsens with eating and improves when she is not eating. Medical history is significant for rheumatoid arthritis, which she is being treated with methotrexate and ibuprofen. An endoscopy is performed and findings are shown in figure A. The patient is negative for Helicobacter pylori infection. Which of the following is the best treatment for facilitating the healing of this lesion found on endoscopy?",Dexlansoprazole,C
"A 62-year-old man presents to his primary care physician because of abdominal pain that started after he went camping several months ago and drank from a mountain stream. This past year, he also went on a trip around the world, eating local foods at each stop. Furthermore, he has had a history of cholelithiasis and had his gallbladder removed 3 years ago. Otherwise, his medical history is significant for well-controlled hypertension and diabetes. Based on clinical suspicion, an endoscopy and biopsy was performed showing a mix of mononuclear cells and a motile, urease-positive, oxidase-positive, spiral shaped organism. The changes seen on biopsy in this patient most likely predispose him to which of the following pathologies?",MALT lymphoma,D
"A 47-year-old man with a history of alcoholism undergoes an upper endoscopy, which reveals a superficial mucosal tear in the distal esophagus. Laboratory results show a metabolic alkalosis. What is the most likely mechanism of the acid/base disturbance in this patient?",Vomiting,C
"A 42-year-old man comes to his primary care physician complaining of abdominal pain. He describes intermittent, burning, epigastric pain over the past 4 months. He reports that the pain worsens following meals. He had an upper gastrointestinal endoscopy done 2 months ago that showed a gastric ulcer without evidence of malignancy. The patient was prescribed pantoprazole with minimal improvement in symptoms. He denies nausea, vomiting, diarrhea, or melena. The patient has no other medical problems. He had a total knee replacement 3 years ago following a motor vehicle accident for which he took naproxen for 2 months for pain management. He has smoked 1 pack per day since the age 22 and drinks 1-2 beers several nights a week with dinner. He works as a truck driver, and his diet consists of mostly of fast food. His family history is notable for hypertension in his paternal grandfather and coronary artery disease in his mother. On physical examination, the abdomen is soft, nondistended, and mildly tender in the mid-epigastric region. A stool test is positive for Helicobacter pylori antigen. In addition to antibiotic therapy, which of the following is the most likely to decrease the recurrence of the patient’s symptoms?",Smoking cessation,E
"A 56-year-old Caucasian woman presents to the clinic for complaints of abdominal pain for the past 3 months. The pain is intermittent 7/10, dull in quality, and concentrated in the epigastric region. She endorses a 5-lb. weight loss over the past several months but denies fever, headaches, nausea, vomiting, hematochezia, diarrhea, or constipation. She is a long-time smoker with a 13 pack-year history. She is a vegetarian and takes the appropriate vitamins. Her past medical history is significant for GERD and hypertension. An upper endoscopy study is performed and its findings are shown in Figure A. Which of the following attributes increases this patient’s risk for developing her current condition?",Smoking history,E
"A 57-year-old woman presents to her primary care physician with a chief complaint of epigastric pain that has worsened over the past three weeks. She describes it as sudden “gnawing” sensations that last for up to half a minute before subsiding. She finds some relief after a glass of water, but does not associate relief or exacerbation around mealtimes. The patient denies any radiation of the pain, fever, weight loss, fatigue, or change in stool color and quality. She does not take any medications, and says her diet includes lots of spicy and smoked foods. The physician refers her for an upper endoscopy, which reveals evidence of duodenal ulcers and mild gastroesophageal reflux. The pathology report reveals focal intestinal metaplasia and gastric dysplasia in the stomach, but no Helicobacter pylori infection. How should the physician advise this patient?","""Intestinal metaplasia and gastric dysplasia are reversible, requiring immediate medical therapy.""",D
"A 65-year-old man is brought to your office by his wife. He has not seen a doctor in decades. The patient has a longstanding history of “heartburn” following meals, for which he takes over-the-counter antacids. He is now having difficulty swallowing food. He has lost 15 pounds in the last three months. On further review, he has a 5 pack-year smoking history. He enjoys a beer with dinner several nights a week. An upper endoscopy is performed, with the finding shown in Figure A found just proximal to the gastroesophageal junction. Which of the following was the most important predisposing risk factor for his disease?",Gastroesophageal reflux disease,B
"A 49-year-old male complains of heartburn, epigastric pain, and diarrhea. He has a past medical history significant for heartburn that is nonresponsive to omeprazole. He denies any alcohol intake, and has not been taking any nonsteroidal anti-inflammatory drugs. An endoscopy is performed, which shows two ulcers in the proximal duodenum, and one in the distal third of the duodenum. Which of the following is most likely true about this patient’s current condition?",Parietal cell hypertrophy is likely present,D
An 18-year-old man presents with bloody diarrhea and weight loss. He undergoes endoscopic biopsy which shows pseudopolyps. Biopsies taken during the endoscopy show inflammation only involving the mucosa and submucosa. He is diagnosed with an inflammatory bowel disease. Which of the following was most likely found?,Rectal involvement,D
"A 53-year-old patient presents to his primary care provider with a 1-week history of abdominal pain at night and between meals. He has attempted taking antacids, which help briefly, but then the pain returns. The patient has not noticed any changes to the color of his stool but states that he has been having some loose bowel movements. The patient reports that he has had duodenal ulcers in the past and is concerned that this is a recurrence. On exam, his temperature is 98.4°F (36.9°C), blood pressure is 130/84 mmHg, pulse is 64/min, and respirations are 12/min. The abdomen is soft, nontender, and nondistended in clinic today. A fecal occult blood test is positive for blood in the stool. During outpatient workup, H. pylori stool antigen is negative, endoscopy demonstrates duodenal ulcers, and gastrin levels are elevated after a secretin stimulation test. Which of the following should also be examined in this patient?",Parathyroid hormone,B
A 31-year-old Caucasian male presents to his physician's complaining of heartburn and diarrhea for 2 months. He reports a history of tumors of the parathyroid and pituitary glands. Laboratory results show a serum gastrin level of 1600 pg/mL (normal 0-200 pg/mL) and an increased basal acid output to maximal acid output ratio (BAO/MAO). The findings on endoscopy are shown in Figure A along with multiple gastric ulcerations. Stomach pH is measured to be 1.1. What is the most likely diagnosis?,Zollinger-Ellison syndrome,C
"A 38-year-old man comes to the clinic complaining of recurrent abdominal pain for the past 2 months. He reports a gnawing, dull pain at the epigastric region that improves with oral ingestion. He has been taking calcium carbonate for the past few weeks; he claims that “it used to help a lot but it’s losing its effects now.” Laboratory testing demonstrated increased gastrin levels after the administration of secretin. A push endoscopy visualized several ulcers at the duodenum and proximal jejunum. What characteristics distinguish the jejunum from the duodenum?",Lack of submucosal Brunner glands,C
"A 47-year-old female presents to her primary care physician complaining of diarrhea and fatigue. She reports an eight-month history of increasingly frequent diarrhea, fatigue, and muscle weakness. She currently has over 15 episodes of watery diarrhea per day despite fasting. Her past medical history is notable for diabetes that is well controlled with metformin. Her temperature is 98.6°F (37°C), blood pressure is 100/70 mmHg, pulse is 95/min, and respirations are 18/min. Physical examination is notable for mild diffuse abdominal pain and facial flushing. An upper endoscopy is performed and the stomach is found to be less acidic than normal. In addition to correcting this patient’s dehydration, which of the following medications is most appropriate in the management of this patient?",Octreotide,A
"A 66-year-old man presents to the office complaining of abdominal pain. He reports that the pain is mid-epigastric and “gnawing.” It worsens after meals but improves “somewhat” with antacids. The patient’s medical history is significant for hypertension, hyperlipidemia, and gout. He takes aspirin, lisinopril, atorvastatin, and allopurinol. He uses ibuprofen during acute gout attacks and takes over the counter multivitamins. He also started drinking ginkgo tea once a week after his wife saw a news story on its potential benefits. The patient has a glass of whiskey after work 2 nights a week but denies tobacco or illicit drug use. An upper endoscopy is performed that reveals a gastric ulcer. A urease breath test is positive for Heliobacter pylori. The patient is prescribed bismuth subsalicylate, omeprazole, metronidazole, and tetracycline for 2 weeks. At follow-up, the patient continues to complain of abdominal pain. He has taken all his medications as prescribed along with 10-12 tablets of antacids a day. He denies hematemesis, hematochezia, or melena. Biopsy from the previous upper endoscopy was negative for malignancy. A repeat urease breath test is positive. Which of the following is the most likely cause for the patient’s poor treatment response?",Antacid use,C
